,plate,strain,sal,las,iptg,chlor,replicate,Measurement
0,1,HCA_1,0.0,0,0,-,1,13.0
1,1,HCA_1,0.0,0,0,-,2,10.0
2,1,HCA_2,0.0,0,0,-,1,9.0
3,1,HCA_2,0.0,0,0,-,2,12.0
4,1,HCA_3,0.0,0,0,-,1,12.0
5,1,HCA_3,0.0,0,0,-,2,11.0
6,1,LNL,0.0,0,0,-,1,12.0
7,1,LNL,0.0,0,0,-,2,10.0
8,1,ctrl,0.0,0,0,-,1,763.0
9,1,ctrl,0.0,0,0,-,2,751.0
10,1,ctrl,0.0,0,10,-,1,6209.0
11,1,ctrl,0.0,0,10,-,2,6261.0
12,1,ctrl,0.0,0,30,-,1,9505.0
13,1,ctrl,0.0,0,30,-,2,9094.0
14,1,ctrl,0.0,0,100,-,1,2542.0
15,1,ctrl,0.0,0,100,-,2,2747.0
16,1,stem,5.0,3,0,+,1,120.0
17,1,stem,5.0,3,0,+,2,129.0
18,1,stem,5.0,3,0,-,1,139.0
19,1,stem,5.0,3,0,-,2,136.0
20,1,stem,5.0,3,10,+,1,191.0
21,1,stem,5.0,3,10,+,2,215.0
22,1,stem,5.0,3,10,-,1,322.0
23,1,stem,5.0,3,10,-,2,351.0
24,1,stem,5.0,3,30,+,1,289.0
25,1,stem,5.0,3,30,+,2,383.0
26,1,stem,5.0,3,30,-,1,451.0
27,1,stem,5.0,3,30,-,2,525.0
28,1,stem,5.0,3,100,+,1,270.0
29,1,stem,5.0,3,100,+,2,261.0
30,1,stem,5.0,3,100,-,1,464.0
31,1,stem,5.0,3,100,-,2,440.0
32,1,stem,7.5,3,0,+,1,199.0
33,1,stem,7.5,3,0,+,2,210.0
34,1,stem,7.5,3,0,-,1,266.0
35,1,stem,7.5,3,0,-,2,260.0
36,1,stem,7.5,3,10,+,1,1004.0
37,1,stem,7.5,3,10,+,2,1032.0
38,1,stem,7.5,3,10,-,1,1490.0
39,1,stem,7.5,3,10,-,2,1582.0
40,1,stem,7.5,3,30,+,1,2066.0
41,1,stem,7.5,3,30,+,2,2727.0
42,1,stem,7.5,3,30,-,1,3061.0
43,1,stem,7.5,3,30,-,2,3140.0
44,1,stem,7.5,3,100,+,1,2175.0
45,1,stem,7.5,3,100,+,2,2053.0
46,1,stem,7.5,3,100,-,1,3131.0
47,1,stem,7.5,3,100,-,2,3139.0
48,1,stem,10.0,3,0,+,1,344.0
49,1,stem,10.0,3,0,+,2,342.0
50,1,stem,10.0,3,0,-,1,433.0
51,1,stem,10.0,3,0,-,2,429.0
52,1,stem,10.0,3,10,+,1,2394.0
53,1,stem,10.0,3,10,+,2,2233.0
54,1,stem,10.0,3,10,-,1,3073.0
55,1,stem,10.0,3,10,-,2,3232.0
56,1,stem,10.0,3,30,+,1,5414.0
57,1,stem,10.0,3,30,+,2,7059.0
58,1,stem,10.0,3,30,-,1,6926.0
59,1,stem,10.0,3,30,-,2,6956.0
60,1,stem,10.0,3,100,+,1,6625.0
61,1,stem,10.0,3,100,+,2,5430.0
62,1,stem,10.0,3,100,-,1,7389.0
63,1,stem,10.0,3,100,-,2,7272.0
64,1,stem,12.5,3,0,+,1,467.0
65,1,stem,12.5,3,0,+,2,517.0
66,1,stem,12.5,3,0,-,1,553.0
67,1,stem,12.5,3,0,-,2,540.0
68,1,stem,12.5,3,10,+,1,3624.0
69,1,stem,12.5,3,10,+,2,3206.0
70,1,stem,12.5,3,10,-,1,4081.0
71,1,stem,12.5,3,10,-,2,4204.0
72,1,stem,12.5,3,30,+,1,8018.0
73,1,stem,12.5,3,30,+,2,8900.0
74,1,stem,12.5,3,30,-,1,8796.0
75,1,stem,12.5,3,30,-,2,8709.0
76,1,stem,12.5,3,100,+,1,8434.0
77,1,stem,12.5,3,100,+,2,8055.0
78,1,stem,12.5,3,100,-,1,9795.0
79,1,stem,12.5,3,100,-,2,9662.0
80,1,stem,15.0,3,0,+,1,573.0
81,1,stem,15.0,3,0,+,2,557.0
82,1,stem,15.0,3,0,-,1,624.0
83,1,stem,15.0,3,0,-,2,640.0
84,1,stem,15.0,3,10,+,1,4333.0
85,1,stem,15.0,3,10,+,2,4513.0
86,1,stem,15.0,3,10,-,1,5013.0
87,1,stem,15.0,3,10,-,2,4884.0
88,1,stem,15.0,3,30,+,1,9556.0
89,1,stem,15.0,3,30,+,2,9294.0
90,1,stem,15.0,3,30,-,1,10320.0
91,1,stem,15.0,3,30,-,2,10457.0
92,1,stem,15.0,3,100,+,1,10402.0
93,1,stem,15.0,3,100,+,2,10214.0
94,1,stem,15.0,3,100,-,1,11403.0
95,1,stem,15.0,3,100,-,2,11162.0
96,2,HCA_1,0.0,0,0,-,1,12.0
97,2,HCA_1,0.0,0,0,-,2,8.0
98,2,HCA_2,0.0,0,0,-,1,10.0
99,2,HCA_2,0.0,0,0,-,2,12.0
100,2,HCA_3,0.0,0,0,-,1,12.0
101,2,HCA_3,0.0,0,0,-,2,17.0
102,2,LNL,0.0,0,0,-,1,9.0
103,2,LNL,0.0,0,0,-,2,11.0
104,2,ctrl,0.0,0,0,-,1,828.0
105,2,ctrl,0.0,0,0,-,2,839.0
106,2,ctrl,0.0,0,10,-,1,6428.0
107,2,ctrl,0.0,0,10,-,2,6430.0
108,2,ctrl,0.0,0,30,-,1,1030.0
109,2,ctrl,0.0,0,30,-,2,814.0
110,2,ctrl,0.0,0,100,-,1,411.0
111,2,ctrl,0.0,0,100,-,2,342.0
112,2,stem,5.0,3,0,+,1,359.0
113,2,stem,5.0,3,0,+,2,363.0
114,2,stem,5.0,3,0,-,1,458.0
115,2,stem,5.0,3,0,-,2,415.0
116,2,stem,5.0,3,10,+,1,2091.0
117,2,stem,5.0,3,10,+,2,1975.0
118,2,stem,5.0,3,10,-,1,2396.0
119,2,stem,5.0,3,10,-,2,1916.0
120,2,stem,5.0,3,30,+,1,2682.0
121,2,stem,5.0,3,30,+,2,3148.0
122,2,stem,5.0,3,30,-,1,3328.0
123,2,stem,5.0,3,30,-,2,2056.0
124,2,stem,5.0,3,100,+,1,1567.0
125,2,stem,5.0,3,100,+,2,1302.0
126,2,stem,5.0,3,100,-,1,1843.0
127,2,stem,5.0,3,100,-,2,2240.0
128,2,stem,7.5,3,0,+,1,767.0
129,2,stem,7.5,3,0,+,2,778.0
130,2,stem,7.5,3,0,-,1,806.0
131,2,stem,7.5,3,0,-,2,822.0
132,2,stem,7.5,3,10,+,1,5512.0
133,2,stem,7.5,3,10,+,2,5697.0
134,2,stem,7.5,3,10,-,1,5544.0
135,2,stem,7.5,3,10,-,2,5765.0
136,2,stem,7.5,3,30,+,1,8241.0
137,2,stem,7.5,3,30,+,2,8882.0
138,2,stem,7.5,3,30,-,1,9242.0
139,2,stem,7.5,3,30,-,2,9057.0
140,2,stem,7.5,3,100,+,1,6617.0
141,2,stem,7.5,3,100,+,2,6594.0
142,2,stem,7.5,3,100,-,1,6618.0
143,2,stem,7.5,3,100,-,2,6104.0
144,2,stem,10.0,3,0,+,1,852.0
145,2,stem,10.0,3,0,+,2,874.0
146,2,stem,10.0,3,0,-,1,851.0
147,2,stem,10.0,3,0,-,2,898.0
148,2,stem,10.0,3,10,+,1,6176.0
149,2,stem,10.0,3,10,+,2,6240.0
150,2,stem,10.0,3,10,-,1,6225.0
151,2,stem,10.0,3,10,-,2,6073.0
152,2,stem,10.0,3,30,+,1,9751.0
153,2,stem,10.0,3,30,+,2,8936.0
154,2,stem,10.0,3,30,-,1,9380.0
155,2,stem,10.0,3,30,-,2,9134.0
156,2,stem,10.0,3,100,+,1,6728.0
157,2,stem,10.0,3,100,+,2,9229.0
158,2,stem,10.0,3,100,-,1,3666.0
159,2,stem,10.0,3,100,-,2,4981.0
160,2,stem,12.5,3,0,+,1,860.0
161,2,stem,12.5,3,0,+,2,854.0
162,2,stem,12.5,3,0,-,1,853.0
163,2,stem,12.5,3,0,-,2,914.0
164,2,stem,12.5,3,10,+,1,6123.0
165,2,stem,12.5,3,10,+,2,6259.0
166,2,stem,12.5,3,10,-,1,6056.0
167,2,stem,12.5,3,10,-,2,5955.0
168,2,stem,12.5,3,30,+,1,8675.0
169,2,stem,12.5,3,30,+,2,7572.0
170,2,stem,12.5,3,30,-,1,8225.0
171,2,stem,12.5,3,30,-,2,8184.0
172,2,stem,12.5,3,100,+,1,2287.0
173,2,stem,12.5,3,100,+,2,2972.0
174,2,stem,12.5,3,100,-,1,1807.0
175,2,stem,12.5,3,100,-,2,1965.0
176,2,stem,15.0,3,0,+,1,834.0
177,2,stem,15.0,3,0,+,2,859.0
178,2,stem,15.0,3,0,-,1,862.0
179,2,stem,15.0,3,0,-,2,921.0
180,2,stem,15.0,3,10,+,1,6023.0
181,2,stem,15.0,3,10,+,2,5906.0
182,2,stem,15.0,3,10,-,1,6211.0
183,2,stem,15.0,3,10,-,2,5999.0
184,2,stem,15.0,3,30,+,1,7362.0
185,2,stem,15.0,3,30,+,2,6331.0
186,2,stem,15.0,3,30,-,1,5051.0
187,2,stem,15.0,3,30,-,2,4776.0
188,2,stem,15.0,3,100,+,1,1194.0
189,2,stem,15.0,3,100,+,2,1186.0
190,2,stem,15.0,3,100,-,1,1799.0
191,2,stem,15.0,3,100,-,2,1748.0
192,3,HCA_1,0.0,0,0,-,1,13.0
193,3,HCA_1,0.0,0,0,-,2,11.0
194,3,HCA_2,0.0,0,0,-,1,18.0
195,3,HCA_2,0.0,0,0,-,2,17.0
196,3,HCA_3,0.0,0,0,-,1,11.0
197,3,HCA_3,0.0,0,0,-,2,11.0
198,3,LNL,0.0,0,0,-,1,10.0
199,3,LNL,0.0,0,0,-,2,10.0
200,3,ctrl,0.0,0,0,-,1,862.0
201,3,ctrl,0.0,0,0,-,2,839.0
202,3,ctrl,0.0,0,10,-,1,6296.0
203,3,ctrl,0.0,0,10,-,2,6239.0
204,3,ctrl,0.0,0,30,-,1,150.0
205,3,ctrl,0.0,0,30,-,2,150.0
206,3,ctrl,0.0,0,100,-,1,247.0
207,3,ctrl,0.0,0,100,-,2,208.0
208,3,stem,5.0,3,0,+,1,515.0
209,3,stem,5.0,3,0,+,2,648.0
210,3,stem,5.0,3,0,-,1,647.0
211,3,stem,5.0,3,0,-,2,623.0
212,3,stem,5.0,3,10,+,1,3950.0
213,3,stem,5.0,3,10,+,2,2621.0
214,3,stem,5.0,3,10,-,1,3561.0
215,3,stem,5.0,3,10,-,2,2901.0
216,3,stem,5.0,3,30,+,1,3098.0
217,3,stem,5.0,3,30,+,2,4158.0
218,3,stem,5.0,3,30,-,1,3518.0
219,3,stem,5.0,3,30,-,2,1847.0
220,3,stem,5.0,3,100,+,1,1312.0
221,3,stem,5.0,3,100,+,2,1409.0
222,3,stem,5.0,3,100,-,1,1690.0
223,3,stem,5.0,3,100,-,2,2006.0
224,3,stem,7.5,3,0,+,1,949.0
225,3,stem,7.5,3,0,+,2,936.0
226,3,stem,7.5,3,0,-,1,886.0
227,3,stem,7.5,3,0,-,2,960.0
228,3,stem,7.5,3,10,+,1,6370.0
229,3,stem,7.5,3,10,+,2,6262.0
230,3,stem,7.5,3,10,-,1,6453.0
231,3,stem,7.5,3,10,-,2,6499.0
232,3,stem,7.5,3,30,+,1,8046.0
233,3,stem,7.5,3,30,+,2,7732.0
234,3,stem,7.5,3,30,-,1,6220.0
235,3,stem,7.5,3,30,-,2,5736.0
236,3,stem,7.5,3,100,+,1,5109.0
237,3,stem,7.5,3,100,+,2,5165.0
238,3,stem,7.5,3,100,-,1,4196.0
239,3,stem,7.5,3,100,-,2,4434.0
240,3,stem,10.0,3,0,+,1,946.0
241,3,stem,10.0,3,0,+,2,992.0
242,3,stem,10.0,3,0,-,1,910.0
243,3,stem,10.0,3,0,-,2,973.0
244,3,stem,10.0,3,10,+,1,6150.0
245,3,stem,10.0,3,10,+,2,6401.0
246,3,stem,10.0,3,10,-,1,6449.0
247,3,stem,10.0,3,10,-,2,6411.0
248,3,stem,10.0,3,30,+,1,2471.0
249,3,stem,10.0,3,30,+,2,691.0
250,3,stem,10.0,3,30,-,1,1073.0
251,3,stem,10.0,3,30,-,2,982.0
252,3,stem,10.0,3,100,+,1,2326.0
253,3,stem,10.0,3,100,+,2,1578.0
254,3,stem,10.0,3,100,-,1,903.0
255,3,stem,10.0,3,100,-,2,1151.0
256,3,stem,12.5,3,0,+,1,927.0
257,3,stem,12.5,3,0,+,2,957.0
258,3,stem,12.5,3,0,-,1,927.0
259,3,stem,12.5,3,0,-,2,974.0
260,3,stem,12.5,3,10,+,1,5936.0
261,3,stem,12.5,3,10,+,2,6009.0
262,3,stem,12.5,3,10,-,1,6632.0
263,3,stem,12.5,3,10,-,2,6480.0
264,3,stem,12.5,3,30,+,1,446.0
265,3,stem,12.5,3,30,+,2,314.0
266,3,stem,12.5,3,30,-,1,812.0
267,3,stem,12.5,3,30,-,2,774.0
268,3,stem,12.5,3,100,+,1,436.0
269,3,stem,12.5,3,100,+,2,464.0
270,3,stem,12.5,3,100,-,1,747.0
271,3,stem,12.5,3,100,-,2,630.0
272,3,stem,15.0,3,0,+,1,922.0
273,3,stem,15.0,3,0,+,2,912.0
274,3,stem,15.0,3,0,-,1,936.0
275,3,stem,15.0,3,0,-,2,953.0
276,3,stem,15.0,3,10,+,1,5301.0
277,3,stem,15.0,3,10,+,2,5273.0
278,3,stem,15.0,3,10,-,1,6720.0
279,3,stem,15.0,3,10,-,2,6460.0
280,3,stem,15.0,3,30,+,1,303.0
281,3,stem,15.0,3,30,+,2,258.0
282,3,stem,15.0,3,30,-,1,374.0
283,3,stem,15.0,3,30,-,2,326.0
284,3,stem,15.0,3,100,+,1,178.0
285,3,stem,15.0,3,100,+,2,173.0
286,3,stem,15.0,3,100,-,1,866.0
287,3,stem,15.0,3,100,-,2,800.0
288,4,HCA_1,0.0,0,0,-,1,12.0
289,4,HCA_1,0.0,0,0,-,2,10.0
290,4,HCA_2,0.0,0,0,-,1,7.0
291,4,HCA_2,0.0,0,0,-,2,15.0
292,4,HCA_3,0.0,0,0,-,1,12.0
293,4,HCA_3,0.0,0,0,-,2,14.0
294,4,LNL,0.0,0,0,-,1,14.0
295,4,LNL,0.0,0,0,-,2,11.0
296,4,ctrl,0.0,0,0,-,1,820.0
297,4,ctrl,0.0,0,0,-,2,823.0
298,4,ctrl,0.0,0,10,-,1,6093.0
299,4,ctrl,0.0,0,10,-,2,6105.0
300,4,ctrl,0.0,0,30,-,1,129.0
301,4,ctrl,0.0,0,30,-,2,129.0
302,4,ctrl,0.0,0,100,-,1,167.0
303,4,ctrl,0.0,0,100,-,2,159.0
304,4,stem,5.0,3,0,+,1,549.0
305,4,stem,5.0,3,0,+,2,664.0
306,4,stem,5.0,3,0,-,1,720.0
307,4,stem,5.0,3,0,-,2,677.0
308,4,stem,5.0,3,10,+,1,3752.0
309,4,stem,5.0,3,10,+,2,2574.0
310,4,stem,5.0,3,10,-,1,3602.0
311,4,stem,5.0,3,10,-,2,3443.0
312,4,stem,5.0,3,30,+,1,3054.0
313,4,stem,5.0,3,30,+,2,3204.0
314,4,stem,5.0,3,30,-,1,2597.0
315,4,stem,5.0,3,30,-,2,2405.0
316,4,stem,5.0,3,100,+,1,1147.0
317,4,stem,5.0,3,100,+,2,1694.0
318,4,stem,5.0,3,100,-,1,1119.0
319,4,stem,5.0,3,100,-,2,1499.0
320,4,stem,7.5,3,0,+,1,819.0
321,4,stem,7.5,3,0,+,2,835.0
322,4,stem,7.5,3,0,-,1,863.0
323,4,stem,7.5,3,0,-,2,884.0
324,4,stem,7.5,3,10,+,1,4909.0
325,4,stem,7.5,3,10,+,2,4870.0
326,4,stem,7.5,3,10,-,1,6180.0
327,4,stem,7.5,3,10,-,2,6298.0
328,4,stem,7.5,3,30,+,1,5841.0
329,4,stem,7.5,3,30,+,2,2931.0
330,4,stem,7.5,3,30,-,1,767.0
331,4,stem,7.5,3,30,-,2,847.0
332,4,stem,7.5,3,100,+,1,4648.0
333,4,stem,7.5,3,100,+,2,6791.0
334,4,stem,7.5,3,100,-,1,2208.0
335,4,stem,7.5,3,100,-,2,4249.0
336,4,stem,10.0,3,0,+,1,556.0
337,4,stem,10.0,3,0,+,2,598.0
338,4,stem,10.0,3,0,-,1,882.0
339,4,stem,10.0,3,0,-,2,893.0
340,4,stem,10.0,3,10,+,1,770.0
341,4,stem,10.0,3,10,+,2,1000.0
342,4,stem,10.0,3,10,-,1,6144.0
343,4,stem,10.0,3,10,-,2,6188.0
344,4,stem,10.0,3,30,+,1,891.0
345,4,stem,10.0,3,30,+,2,222.0
346,4,stem,10.0,3,30,-,1,160.0
347,4,stem,10.0,3,30,-,2,160.0
348,4,stem,10.0,3,100,+,1,294.0
349,4,stem,10.0,3,100,+,2,214.0
350,4,stem,10.0,3,100,-,1,310.0
351,4,stem,10.0,3,100,-,2,293.0
352,4,stem,12.5,3,0,+,1,268.0
353,4,stem,12.5,3,0,+,2,236.0
354,4,stem,12.5,3,0,-,1,881.0
355,4,stem,12.5,3,0,-,2,888.0
356,4,stem,12.5,3,10,+,1,492.0
357,4,stem,12.5,3,10,+,2,608.0
358,4,stem,12.5,3,10,-,1,6305.0
359,4,stem,12.5,3,10,-,2,6386.0
360,4,stem,12.5,3,30,+,1,168.0
361,4,stem,12.5,3,30,+,2,174.0
362,4,stem,12.5,3,30,-,1,143.0
363,4,stem,12.5,3,30,-,2,144.0
364,4,stem,12.5,3,100,+,1,214.0
365,4,stem,12.5,3,100,+,2,146.0
366,4,stem,12.5,3,100,-,1,379.0
367,4,stem,12.5,3,100,-,2,336.0
368,4,stem,15.0,3,0,+,1,250.0
369,4,stem,15.0,3,0,+,2,257.0
370,4,stem,15.0,3,0,-,1,878.0
371,4,stem,15.0,3,0,-,2,887.0
372,4,stem,15.0,3,10,+,1,485.0
373,4,stem,15.0,3,10,+,2,470.0
374,4,stem,15.0,3,10,-,1,6175.0
375,4,stem,15.0,3,10,-,2,6185.0
376,4,stem,15.0,3,30,+,1,160.0
377,4,stem,15.0,3,30,+,2,137.0
378,4,stem,15.0,3,30,-,1,136.0
379,4,stem,15.0,3,30,-,2,128.0
380,4,stem,15.0,3,100,+,1,134.0
381,4,stem,15.0,3,100,+,2,146.0
382,4,stem,15.0,3,100,-,1,449.0
383,4,stem,15.0,3,100,-,2,421.0
384,5,HCA_1,0.0,0,0,-,1,13.0
385,5,HCA_1,0.0,0,0,-,2,8.0
386,5,HCA_2,0.0,0,0,-,1,9.0
387,5,HCA_2,0.0,0,0,-,2,15.0
388,5,HCA_3,0.0,0,0,-,1,11.0
389,5,HCA_3,0.0,0,0,-,2,16.0
390,5,LNL,0.0,0,0,-,1,12.0
391,5,LNL,0.0,0,0,-,2,11.0
392,5,ctrl,0.0,0,0,-,1,842.0
393,5,ctrl,0.0,0,0,-,2,830.0
394,5,ctrl,0.0,0,10,-,1,6197.0
395,5,ctrl,0.0,0,10,-,2,6257.0
396,5,ctrl,0.0,0,30,-,1,149.0
397,5,ctrl,0.0,0,30,-,2,139.0
398,5,ctrl,0.0,0,100,-,1,154.0
399,5,ctrl,0.0,0,100,-,2,148.0
400,5,stem,5.0,3,0,+,1,567.0
401,5,stem,5.0,3,0,+,2,568.0
402,5,stem,5.0,3,0,-,1,758.0
403,5,stem,5.0,3,0,-,2,781.0
404,5,stem,5.0,3,10,+,1,2352.0
405,5,stem,5.0,3,10,+,2,2363.0
406,5,stem,5.0,3,10,-,1,3534.0
407,5,stem,5.0,3,10,-,2,3296.0
408,5,stem,5.0,3,30,+,1,2132.0
409,5,stem,5.0,3,30,+,2,2305.0
410,5,stem,5.0,3,30,-,1,1927.0
411,5,stem,5.0,3,30,-,2,2073.0
412,5,stem,5.0,3,100,+,1,1890.0
413,5,stem,5.0,3,100,+,2,1386.0
414,5,stem,5.0,3,100,-,1,942.0
415,5,stem,5.0,3,100,-,2,1727.0
416,5,stem,7.5,3,0,+,1,663.0
417,5,stem,7.5,3,0,+,2,646.0
418,5,stem,7.5,3,0,-,1,869.0
419,5,stem,7.5,3,0,-,2,895.0
420,5,stem,7.5,3,10,+,1,3825.0
421,5,stem,7.5,3,10,+,2,5033.0
422,5,stem,7.5,3,10,-,1,6156.0
423,5,stem,7.5,3,10,-,2,5982.0
424,5,stem,7.5,3,30,+,1,2667.0
425,5,stem,7.5,3,30,+,2,415.0
426,5,stem,7.5,3,30,-,1,172.0
427,5,stem,7.5,3,30,-,2,205.0
428,5,stem,7.5,3,100,+,1,3723.0
429,5,stem,7.5,3,100,+,2,1818.0
430,5,stem,7.5,3,100,-,1,751.0
431,5,stem,7.5,3,100,-,2,1412.0
432,5,stem,10.0,3,0,+,1,310.0
433,5,stem,10.0,3,0,+,2,470.0
434,5,stem,10.0,3,0,-,1,871.0
435,5,stem,10.0,3,0,-,2,899.0
436,5,stem,10.0,3,10,+,1,559.0
437,5,stem,10.0,3,10,+,2,829.0
438,5,stem,10.0,3,10,-,1,5999.0
439,5,stem,10.0,3,10,-,2,6393.0
440,5,stem,10.0,3,30,+,1,238.0
441,5,stem,10.0,3,30,+,2,156.0
442,5,stem,10.0,3,30,-,1,139.0
443,5,stem,10.0,3,30,-,2,135.0
444,5,stem,10.0,3,100,+,1,176.0
445,5,stem,10.0,3,100,+,2,157.0
446,5,stem,10.0,3,100,-,1,206.0
447,5,stem,10.0,3,100,-,2,191.0
448,5,stem,12.5,3,0,+,1,340.0
449,5,stem,12.5,3,0,+,2,358.0
450,5,stem,12.5,3,0,-,1,873.0
451,5,stem,12.5,3,0,-,2,898.0
452,5,stem,12.5,3,10,+,1,377.0
453,5,stem,12.5,3,10,+,2,679.0
454,5,stem,12.5,3,10,-,1,6056.0
455,5,stem,12.5,3,10,-,2,6314.0
456,5,stem,12.5,3,30,+,1,167.0
457,5,stem,12.5,3,30,+,2,152.0
458,5,stem,12.5,3,30,-,1,144.0
459,5,stem,12.5,3,30,-,2,134.0
460,5,stem,12.5,3,100,+,1,204.0
461,5,stem,12.5,3,100,+,2,145.0
462,5,stem,12.5,3,100,-,1,236.0
463,5,stem,12.5,3,100,-,2,218.0
464,5,stem,15.0,3,0,+,1,476.0
465,5,stem,15.0,3,0,+,2,494.0
466,5,stem,15.0,3,0,-,1,886.0
467,5,stem,15.0,3,0,-,2,899.0
468,5,stem,15.0,3,10,+,1,415.0
469,5,stem,15.0,3,10,+,2,378.0
470,5,stem,15.0,3,10,-,1,6047.0
471,5,stem,15.0,3,10,-,2,6113.0
472,5,stem,15.0,3,30,+,1,157.0
473,5,stem,15.0,3,30,+,2,137.0
474,5,stem,15.0,3,30,-,1,130.0
475,5,stem,15.0,3,30,-,2,128.0
476,5,stem,15.0,3,100,+,1,143.0
477,5,stem,15.0,3,100,+,2,147.0
478,5,stem,15.0,3,100,-,1,261.0
479,5,stem,15.0,3,100,-,2,253.0
480,6,HCA_1,0.0,0,0,-,1,14.0
481,6,HCA_1,0.0,0,0,-,2,11.0
482,6,HCA_2,0.0,0,0,-,1,11.0
483,6,HCA_2,0.0,0,0,-,2,11.0
484,6,HCA_3,0.0,0,0,-,1,14.0
485,6,HCA_3,0.0,0,0,-,2,12.0
486,6,LNL,0.0,0,0,-,1,17.0
487,6,LNL,0.0,0,0,-,2,11.0
488,6,ctrl,0.0,0,0,-,1,815.0
489,6,ctrl,0.0,0,0,-,2,829.0
490,6,ctrl,0.0,0,10,-,1,5750.0
491,6,ctrl,0.0,0,10,-,2,5662.0
492,6,ctrl,0.0,0,30,-,1,143.0
493,6,ctrl,0.0,0,30,-,2,133.0
494,6,ctrl,0.0,0,100,-,1,149.0
495,6,ctrl,0.0,0,100,-,2,146.0
496,6,stem,5.0,3,0,+,1,523.0
497,6,stem,5.0,3,0,+,2,502.0
498,6,stem,5.0,3,0,-,1,811.0
499,6,stem,5.0,3,0,-,2,836.0
500,6,stem,5.0,3,10,+,1,1903.0
501,6,stem,5.0,3,10,+,2,2475.0
502,6,stem,5.0,3,10,-,1,3541.0
503,6,stem,5.0,3,10,-,2,3802.0
504,6,stem,5.0,3,30,+,1,2019.0
505,6,stem,5.0,3,30,+,2,2173.0
506,6,stem,5.0,3,30,-,1,1922.0
507,6,stem,5.0,3,30,-,2,1495.0
508,6,stem,5.0,3,100,+,1,1434.0
509,6,stem,5.0,3,100,+,2,1265.0
510,6,stem,5.0,3,100,-,1,881.0
511,6,stem,5.0,3,100,-,2,1374.0
512,6,stem,7.5,3,0,+,1,644.0
513,6,stem,7.5,3,0,+,2,735.0
514,6,stem,7.5,3,0,-,1,870.0
515,6,stem,7.5,3,0,-,2,910.0
516,6,stem,7.5,3,10,+,1,2691.0
517,6,stem,7.5,3,10,+,2,3344.0
518,6,stem,7.5,3,10,-,1,5661.0
519,6,stem,7.5,3,10,-,2,6026.0
520,6,stem,7.5,3,30,+,1,616.0
521,6,stem,7.5,3,30,+,2,215.0
522,6,stem,7.5,3,30,-,1,144.0
523,6,stem,7.5,3,30,-,2,150.0
524,6,stem,7.5,3,100,+,1,1404.0
525,6,stem,7.5,3,100,+,2,457.0
526,6,stem,7.5,3,100,-,1,279.0
527,6,stem,7.5,3,100,-,2,301.0
528,6,stem,10.0,3,0,+,1,310.0
529,6,stem,10.0,3,0,+,2,579.0
530,6,stem,10.0,3,0,-,1,872.0
531,6,stem,10.0,3,0,-,2,918.0
532,6,stem,10.0,3,10,+,1,337.0
533,6,stem,10.0,3,10,+,2,612.0
534,6,stem,10.0,3,10,-,1,5607.0
535,6,stem,10.0,3,10,-,2,5674.0
536,6,stem,10.0,3,30,+,1,208.0
537,6,stem,10.0,3,30,+,2,157.0
538,6,stem,10.0,3,30,-,1,146.0
539,6,stem,10.0,3,30,-,2,144.0
540,6,stem,10.0,3,100,+,1,180.0
541,6,stem,10.0,3,100,+,2,153.0
542,6,stem,10.0,3,100,-,1,169.0
543,6,stem,10.0,3,100,-,2,157.0
544,6,stem,12.5,3,0,+,1,307.0
545,6,stem,12.5,3,0,+,2,315.0
546,6,stem,12.5,3,0,-,1,876.0
547,6,stem,12.5,3,0,-,2,923.0
548,6,stem,12.5,3,10,+,1,225.0
549,6,stem,12.5,3,10,+,2,467.0
550,6,stem,12.5,3,10,-,1,5520.0
551,6,stem,12.5,3,10,-,2,5792.0
552,6,stem,12.5,3,30,+,1,157.0
553,6,stem,12.5,3,30,+,2,153.0
554,6,stem,12.5,3,30,-,1,141.0
555,6,stem,12.5,3,30,-,2,146.0
556,6,stem,12.5,3,100,+,1,198.0
557,6,stem,12.5,3,100,+,2,154.0
558,6,stem,12.5,3,100,-,1,169.0
559,6,stem,12.5,3,100,-,2,166.0
560,6,stem,15.0,3,0,+,1,445.0
561,6,stem,15.0,3,0,+,2,468.0
562,6,stem,15.0,3,0,-,1,859.0
563,6,stem,15.0,3,0,-,2,920.0
564,6,stem,15.0,3,10,+,1,271.0
565,6,stem,15.0,3,10,+,2,263.0
566,6,stem,15.0,3,10,-,1,5663.0
567,6,stem,15.0,3,10,-,2,5931.0
568,6,stem,15.0,3,30,+,1,160.0
569,6,stem,15.0,3,30,+,2,141.0
570,6,stem,15.0,3,30,-,1,137.0
571,6,stem,15.0,3,30,-,2,133.0
572,6,stem,15.0,3,100,+,1,138.0
573,6,stem,15.0,3,100,+,2,148.0
574,6,stem,15.0,3,100,-,1,185.0
575,6,stem,15.0,3,100,-,2,181.0
576,7,HCA_1,0.0,0,0,-,1,14.0
577,7,HCA_1,0.0,0,0,-,2,11.0
578,7,HCA_2,0.0,0,0,-,1,13.0
579,7,HCA_2,0.0,0,0,-,2,13.0
580,7,HCA_3,0.0,0,0,-,1,10.0
581,7,HCA_3,0.0,0,0,-,2,11.0
582,7,LNL,0.0,0,0,-,1,13.0
583,7,LNL,0.0,0,0,-,2,11.0
584,7,ctrl,0.0,0,0,-,1,814.0
585,7,ctrl,0.0,0,0,-,2,833.0
586,7,ctrl,0.0,0,10,-,1,4937.0
587,7,ctrl,0.0,0,10,-,2,5000.0
588,7,ctrl,0.0,0,30,-,1,137.0
589,7,ctrl,0.0,0,30,-,2,139.0
590,7,ctrl,0.0,0,100,-,1,155.0
591,7,ctrl,0.0,0,100,-,2,141.0
592,7,stem,5.0,3,0,+,1,542.0
593,7,stem,5.0,3,0,+,2,518.0
594,7,stem,5.0,3,0,-,1,863.0
595,7,stem,5.0,3,0,-,2,848.0
596,7,stem,5.0,3,10,+,1,2386.0
597,7,stem,5.0,3,10,+,2,2593.0
598,7,stem,5.0,3,10,-,1,3387.0
599,7,stem,5.0,3,10,-,2,3297.0
600,7,stem,5.0,3,30,+,1,2374.0
601,7,stem,5.0,3,30,+,2,2559.0
602,7,stem,5.0,3,30,-,1,2171.0
603,7,stem,5.0,3,30,-,2,2144.0
604,7,stem,5.0,3,100,+,1,1418.0
605,7,stem,5.0,3,100,+,2,1507.0
606,7,stem,5.0,3,100,-,1,1245.0
607,7,stem,5.0,3,100,-,2,1445.0
608,7,stem,7.5,3,0,+,1,609.0
609,7,stem,7.5,3,0,+,2,755.0
610,7,stem,7.5,3,0,-,1,874.0
611,7,stem,7.5,3,0,-,2,881.0
612,7,stem,7.5,3,10,+,1,1518.0
613,7,stem,7.5,3,10,+,2,1128.0
614,7,stem,7.5,3,10,-,1,5043.0
615,7,stem,7.5,3,10,-,2,5408.0
616,7,stem,7.5,3,30,+,1,242.0
617,7,stem,7.5,3,30,+,2,183.0
618,7,stem,7.5,3,30,-,1,152.0
619,7,stem,7.5,3,30,-,2,142.0
620,7,stem,7.5,3,100,+,1,435.0
621,7,stem,7.5,3,100,+,2,226.0
622,7,stem,7.5,3,100,-,1,193.0
623,7,stem,7.5,3,100,-,2,160.0
624,7,stem,10.0,3,0,+,1,276.0
625,7,stem,10.0,3,0,+,2,532.0
626,7,stem,10.0,3,0,-,1,889.0
627,7,stem,10.0,3,0,-,2,898.0
628,7,stem,10.0,3,10,+,1,284.0
629,7,stem,10.0,3,10,+,2,559.0
630,7,stem,10.0,3,10,-,1,5128.0
631,7,stem,10.0,3,10,-,2,5208.0
632,7,stem,10.0,3,30,+,1,210.0
633,7,stem,10.0,3,30,+,2,160.0
634,7,stem,10.0,3,30,-,1,146.0
635,7,stem,10.0,3,30,-,2,138.0
636,7,stem,10.0,3,100,+,1,176.0
637,7,stem,10.0,3,100,+,2,156.0
638,7,stem,10.0,3,100,-,1,150.0
639,7,stem,10.0,3,100,-,2,149.0
640,7,stem,12.5,3,0,+,1,262.0
641,7,stem,12.5,3,0,+,2,288.0
642,7,stem,12.5,3,0,-,1,892.0
643,7,stem,12.5,3,0,-,2,878.0
644,7,stem,12.5,3,10,+,1,181.0
645,7,stem,12.5,3,10,+,2,393.0
646,7,stem,12.5,3,10,-,1,4872.0
647,7,stem,12.5,3,10,-,2,5295.0
648,7,stem,12.5,3,30,+,1,161.0
649,7,stem,12.5,3,30,+,2,151.0
650,7,stem,12.5,3,30,-,1,137.0
651,7,stem,12.5,3,30,-,2,130.0
652,7,stem,12.5,3,100,+,1,206.0
653,7,stem,12.5,3,100,+,2,146.0
654,7,stem,12.5,3,100,-,1,154.0
655,7,stem,12.5,3,100,-,2,147.0
656,7,stem,15.0,3,0,+,1,435.0
657,7,stem,15.0,3,0,+,2,431.0
658,7,stem,15.0,3,0,-,1,905.0
659,7,stem,15.0,3,0,-,2,884.0
660,7,stem,15.0,3,10,+,1,239.0
661,7,stem,15.0,3,10,+,2,223.0
662,7,stem,15.0,3,10,-,1,4908.0
663,7,stem,15.0,3,10,-,2,5249.0
664,7,stem,15.0,3,30,+,1,149.0
665,7,stem,15.0,3,30,+,2,144.0
666,7,stem,15.0,3,30,-,1,132.0
667,7,stem,15.0,3,30,-,2,128.0
668,7,stem,15.0,3,100,+,1,139.0
669,7,stem,15.0,3,100,+,2,150.0
670,7,stem,15.0,3,100,-,1,147.0
671,7,stem,15.0,3,100,-,2,159.0
672,8,ctrl,0.0,0,0,-,1,825.0
673,8,ctrl,0.0,0,0,-,2,850.0
674,8,ctrl,0.0,0,10,-,1,2288.0
675,8,ctrl,0.0,0,10,-,2,4268.0
676,8,ctrl,0.0,0,30,-,1,152.0
677,8,ctrl,0.0,0,30,-,2,139.0
678,8,ctrl,0.0,0,100,-,1,92.0
679,8,ctrl,0.0,0,100,-,2,137.0
680,8,stem,5.0,3,0,+,1,570.0
681,8,stem,5.0,3,0,+,2,557.0
682,8,stem,5.0,3,0,-,1,878.0
683,8,stem,5.0,3,0,-,2,857.0
684,8,stem,5.0,3,10,+,1,2440.0
685,8,stem,5.0,3,10,+,2,2555.0
686,8,stem,5.0,3,10,-,1,3327.0
687,8,stem,5.0,3,10,-,2,3455.0
688,8,stem,5.0,3,30,+,1,2251.0
689,8,stem,5.0,3,30,+,2,2426.0
690,8,stem,5.0,3,30,-,1,2000.0
691,8,stem,5.0,3,30,-,2,2169.0
692,8,stem,5.0,3,100,+,1,1139.0
693,8,stem,5.0,3,100,+,2,1252.0
694,8,stem,5.0,3,100,-,1,1106.0
695,8,stem,5.0,3,100,-,2,964.0
696,8,stem,7.5,3,0,+,1,434.0
697,8,stem,7.5,3,0,+,2,571.0
698,8,stem,7.5,3,0,-,1,875.0
699,8,stem,7.5,3,0,-,2,886.0
700,8,stem,7.5,3,10,+,1,772.0
701,8,stem,7.5,3,10,+,2,447.0
702,8,stem,7.5,3,10,-,1,3711.0
703,8,stem,7.5,3,10,-,2,4219.0
704,8,stem,7.5,3,30,+,1,191.0
705,8,stem,7.5,3,30,+,2,162.0
706,8,stem,7.5,3,30,-,1,146.0
707,8,stem,7.5,3,30,-,2,137.0
708,8,stem,7.5,3,100,+,1,215.0
709,8,stem,7.5,3,100,+,2,183.0
710,8,stem,7.5,3,100,-,1,172.0
711,8,stem,7.5,3,100,-,2,138.0
712,9,ctrl,0.0,0,0,-,1,800.0
713,9,ctrl,0.0,0,0,-,2,828.0
714,9,ctrl,0.0,0,10,-,1,642.0
715,9,ctrl,0.0,0,10,-,2,2491.0
716,9,ctrl,0.0,0,30,-,1,145.0
717,9,ctrl,0.0,0,30,-,2,141.0
718,9,ctrl,0.0,0,100,-,1,78.0
719,9,ctrl,0.0,0,100,-,2,143.0
720,9,stem,5.0,3,0,+,1,559.0
721,9,stem,5.0,3,0,+,2,514.0
722,9,stem,5.0,3,0,-,1,893.0
723,9,stem,5.0,3,0,-,2,863.0
724,9,stem,5.0,3,10,+,1,1937.0
725,9,stem,5.0,3,10,+,2,2210.0
726,9,stem,5.0,3,10,-,1,2600.0
727,9,stem,5.0,3,10,-,2,2963.0
728,9,stem,5.0,3,30,+,1,1481.0
729,9,stem,5.0,3,30,+,2,1813.0
730,9,stem,5.0,3,30,-,1,1692.0
731,9,stem,5.0,3,30,-,2,1793.0
732,9,stem,5.0,3,100,+,1,1113.0
733,9,stem,5.0,3,100,+,2,1018.0
734,9,stem,5.0,3,100,-,1,1011.0
735,9,stem,5.0,3,100,-,2,1012.0
736,9,stem,7.5,3,0,+,1,317.0
737,9,stem,7.5,3,0,+,2,379.0
738,9,stem,7.5,3,0,-,1,880.0
739,9,stem,7.5,3,0,-,2,881.0
740,9,stem,7.5,3,10,+,1,459.0
741,9,stem,7.5,3,10,+,2,242.0
742,9,stem,7.5,3,10,-,1,2531.0
743,9,stem,7.5,3,10,-,2,3068.0
744,9,stem,7.5,3,30,+,1,171.0
745,9,stem,7.5,3,30,+,2,167.0
746,9,stem,7.5,3,30,-,1,152.0
747,9,stem,7.5,3,30,-,2,148.0
748,9,stem,7.5,3,100,+,1,175.0
749,9,stem,7.5,3,100,+,2,176.0
750,9,stem,7.5,3,100,-,1,92.0
751,9,stem,7.5,3,100,-,2,142.0
